Bezirk,Name der Betreiberfirma,Adresse der Spielhalle,lon, lat
Lichtenberg,Hilas Casino GmbH,Frankfurter Allee 255A 10365 Berlin,  13.49875, 52.51212
Lichtenberg,Frankfurter Allee 286 Spielhallen GmbH,  Frankfurter Allee 286 10317 Berlin  ,  13.50420, 52.51049
Lichtenberg,Frankfurter Allee 286 Spielhallen GmbH,  Frankfurter Allee 286 10317 Berlin  ,  13.50420, 52.51049
Lichtenberg,D.Lucky 7 Spielstätten GmbH,Franz-Jacob-Str. 16-18 10369 Berlin,  13.46939, 52.52893
Lichtenberg,Artur Beitelsbacher,Hauptstraße 23 13055 Berlin,  13.50933, 52.54733
Lichtenberg,Helena Scheffner,Hauptstraße 23 13055 Berlin,  13.50933, 52.54733
Lichtenberg,Ritzio Berlin GmbH,Herzbergstr 55 10365 Berlin,  13.49805, 52.52627
Lichtenberg,D.Lucky 7 Spielstätten GmbH,Scheffelstr.2 10367 Berlin,  13.47879, 52.52062
Lichtenberg,D.Lucky 7 Spielstätten GmbH,Türrschmidtstr.1 10317 Berlin,  13.47587, 52.50267
Lichtenberg,Cecilienstraße Spielhallen GmbH,Wartenberger Straße 174 13053 Berlin,  13.50901, 52.56612
Marzahn-Hellersdorf,K.A. Automaten GmbH,Ahrensfelder Chaussee 149 12689 Berlin,  13.49805, 52.52627
Marzahn-Hellersdorf,Rojal Games GmbH,Ahrensfelder Chaussee 140-150 12689 Berlin,  13.56414, 52.57163
Marzahn-Hellersdorf,E & L Slot GmbH,Allee der Kosmonauten 32 12681 Berlin,  13.53045, 52.52507
Marzahn-Hellersdorf,E & L Slot GmbH,Allee der Kosmonauten 32 12681 Berlin,  13.53045, 52.52507
Marzahn-Hellersdorf,Dasyt Marzahn GmbH,Allee der Kosmonauten 198 12865 Berlin,  13.56368, 52.54108
Marzahn-Hellersdorf,Falkenseer Damm 21 Spielhallen GmbH,Alte Hellersdorfer Str. 144 12629 Berlin,  13.59281, 52.54660
Marzahn-Hellersdorf,Falkenseer Damm 21 Spielhallen GmbH,Alte Hellersdorfer Str. 144 12629 Berlin,  13.59281, 52.54660
Marzahn-Hellersdorf,EXTRA Games Entertainment GmbH,Alt-Mahlsdorf 46 12623 Berlin,  13.61889, 52.50453
Marzahn-Hellersdorf,EXTRA Games Entertainment GmbH,Alt-Mahlsdorf 46 12623 Berlin,  13.61889, 52.50453
Marzahn-Hellersdorf,EXTRA Games Entertainment GmbH,Alt-Mahlsdorf 46 12623 Berlin,  13.61889, 52.50453
Marzahn-Hellersdorf,Spiel-Point 5 Automatenbetrieb GmbH,Cecilienplatz 12 12619 Berlin,  13.58954, 52.52178
Marzahn-Hellersdorf,Spiel-Point 5 Automatenbetrieb GmbH,Cecilienplatz 12 12619 Berlin,  13.58954, 52.52178
Marzahn-Hellersdorf,  Dogan Deniz  ,Cecilienplatz 10 12619 Berlin,  13.58950, 52.52110
Marzahn-Hellersdorf,Rohat GmbH,Eichhorster Str. 1c 12689 Berlin,  13.56948, 52.57098
Marzahn-Hellersdorf,Derin 25 UG,Heinrich-Grüber-Str. 4 12621 Berlin,  13.58863, 52.51247
Marzahn-Hellersdorf,Helene Spielhallen GmbH,Helene-Weigel-Platz 5 12681 Berlin,  13.53877, 52.52825
Marzahn-Hellersdorf,Helene Spielhallen GmbH,Helene-Weigel-Platz 5 12681 Berlin,  13.53877, 52.52825
Marzahn-Hellersdorf,Shemo Vision GmbH,Hönower Str. 41 12623 Berlin,  13.61264, 52.50827
Marzahn-Hellersdorf,California Internetdienste GmbH,Hultschiner Damm 14-16 12623 Berlin,  13.60086, 52.47556
Marzahn-Hellersdorf,dream-games GmbH,Hultschiner Damm 24 12623 Berlin,  13.60086, 52.47659
Marzahn-Hellersdorf,Magnat GmbH,Jan-Petersen-Str. 14 12679 Berlin,  13.56529, 52.54904
Marzahn-Hellersdorf,Si-ma Entertainment GmbH,Leisniger Straße 22 12627 Berlin,  13.62064, 52.52776
Marzahn-Hellersdorf,M & N Entertainment GmbH,Louis-Lewin-Straße 101 12627 Berlin,  13.62052, 52.53736
Marzahn-Hellersdorf,  Yakub Türkmen  ,Ludwig-Renn-Str. 72 12679 Berlin,  13.55971, 52.55511
Marzahn-Hellersdorf,Black Jack Entertainment GmbH,Märkische Allee 176/178 12681 Berlin,  13.54216, 52.54176
Marzahn-Hellersdorf,Anette' Spielhallen GmbH,Märkische Allee 176/178 12681 Berlin,  13.54216, 52.54176
Marzahn-Hellersdorf,SA & AD Automaten GmbH,Märkische Allee 408 12689 Berlin,  13.56759, 52.57142
Marzahn-Hellersdorf,RASL GmbH,Marzahner Chaussee 205/207 12681 Berlin,  13.53340, 52.52595
Marzahn-Hellersdorf,RASL GmbH,Marzahner Chaussee 205/207 12681 Berlin,  13.53340, 52.52595
Marzahn-Hellersdorf,Playvision GmbH,Mehrower Allee 20 12687 Berlin,  13.55894, 52.55578
Marzahn-Hellersdorf,Helene Spielhallen GmbH,Neue Grottkauer Str. 3 12619 Berlin,  13.59265, 52.52951
Marzahn-Hellersdorf,Helene Spielhallen GmbH,Neue Grottkauer Str. 3 12619 Berlin,  13.59265, 52.52951
Marzahn-Hellersdorf,K.A. Automaten GmbH,Neue Grottkauer Str. 9 12619 Berlin,  13.59412, 52.52940
Marzahn-Hellersdorf,  Yilmaz Selahattin  ,Ringenwalder Str. 24 12679 Berlin,  13.57865, 52.55071
Marzahn-Hellersdorf,Cecilienstraße Spielhallen GmbH,Wittenberger Str. 80 12689 Berlin,  13.57117, 52.56551
Marzahn-Hellersdorf,Cecilienstraße Spielhallen GmbH,Wittenberger Str. 80 12689 Berlin,  13.57117, 52.56551
Marzahn-Hellersdorf,Gögce GmbH,Wodanstraße 44 12623 Berlin,  13.61113, 52.51293
Reinickendorf,Gary Spielautomatenbetriebs GmbH,Eichborndamm 98 13403 Berlin,  13.31555, 52.57729
Reinickendorf,Easy Spiel Spielhallen GmbH,Scharnweberstr. 33 A 13405 Berlin,  13.32227, 52.56571
Reinickendorf,Emilia Spiel-Center GmbH,Scharnweberstr. 34 A 13405 Berlin,  13.32146, 52.56582
Reinickendorf,Drebär GmbH,Scharnweberstr. 51 13405 Berlin,  13.31593, 52.56720
Reinickendorf,Helene Spielhallen GmbH,Roedernallee 17 13407 Berlin,  13.34584, 52.58108
Reinickendorf,Helene Spielhallen GmbH,Roedernallee 17 13407 Berlin,  13.34584, 52.58108
Reinickendorf,Forum Automatenbetriebe GmbH,Markstr. 9 13409 Berlin,  13.36414, 52.56228
Reinickendorf,Forum Automatenbetriebe GmbH,Markstr. 9 13409 Berlin,  13.36414, 52.56228
Reinickendorf,Anette Spielhallen GmbH,Residenzstr. 27 13409 Berlin,  13.36123, 52.56901
Reinickendorf,Frankfurter Allee 255 A Spielhallenbetriebs GmbH,Residenzstr. 138 13409 Berlin,  13.36110, 52.57074
Reinickendorf,Am Buddeplatz 2 Spielhalle GmbH,Wilhelmsruher Damm 247 13435 Berlin,  13.33354, 52.59535
Reinickendorf,Am Buddeplatz 2 Spielhalle GmbH: Doppelspielhalle angrenzend Wilhelmsruher Damm 247,Oranienburger Str. 86 13437 Berlin,  13.33345, 52.59514
Reinickendorf,FORTUNA Unterhaltungs- und Spielgeräte GmbH: Spielhalle Fortuna,Oranienburger Str. 110 13437 Berlin,  13.33317, 52.59508
Reinickendorf,MERKUR Spielgeräte Betriebs- und Entwicklungsgesellschaft mit beschränkter Haftung: Merkur 2,Oranienburger Str. 110 13437 Berlin,  13.33317, 52.59508
Reinickendorf,Multi-Elektronik Verwertungs-GmbH,Oranienburger Str. 110 13437 Berlin,  13.33317, 52.59508
Reinickendorf,COSMOS Automatenspiele Aufstellung und Vertrieb GmbH,Oranienburger Str. 110 13437 Berlin,  13.33317, 52.59508
Reinickendorf,Kasino Gastronomische Betriebe GmbH,Oranienburger Str. 110 13437 Berlin,  13.33317, 52.59508
Reinickendorf,PRATER Spielhallen GmbH,Oranienburger Str. 110 13437 Berlin,  13.33317, 52.59508
Reinickendorf,Am Buddeplatz 2 Spielhalle GmbH,Am Buddeplatz 2 13507 Berlin,  13.28759, 52.58851
Reinickendorf,Super Slots Spielhallen GmbH,Gorkistr. 11 – 21 13507 Berlin,  13.28486, 52.59011
Reinickendorf,Super Slots Spielhallen GmbH,Gorkistr. 11 – 21 13507 Berlin,  13.28486, 52.59011
Reinickendorf,Super Slots Spielhallen GmbH,Gorkistr. 11 – 21 13507 Berlin,  13.28486, 52.59011
Reinickendorf,Sterntaler Spielautomatenbetriebsgesellschaft mbH,Grußdorfstr. 16 13507 Berlin,  13.28649, 52.58850
Reinickendorf,Jackpot Casino Miraustrasse GmbH & Co.KG,Miraustr. 16 13509 Berlin,  13.31359, 52.57973
Reinickendorf,Jackpot Casino Miraustrasse GmbH & Co.KG,Miraustr. 16 13509 Berlin,  13.31359, 52.57973
Reinickendorf,Jackpot Casino Miraustrasse GmbH & Co.KG,Miraustr. 16 13509 Berlin,  13.31359, 52.57973
Reinickendorf,Jackpot Casino Miraustrasse GmbH & Co.KG,Miraustr. 16 13509 Berlin,  13.31359, 52.57973
Reinickendorf,Jackpot Casino Miraustrasse GmbH & Co.KG,Miraustr. 16 13509 Berlin,  13.31359, 52.57973
Reinickendorf,Jackpot Casino Miraustrasse GmbH & Co.KG,Miraustr. 16 13509 Berlin,  13.31359, 52.57973
Reinickendorf,Yalcin Akpinar,Wittestr. 2 13509 Berlin,  13.31458, 52.57684
Pankow,Sokol Unterhaltungsbetrieb GmbH,An der Industriebahn 2-3 13088 Berlin,  13.46138, 52.56087
Pankow,CRT Entertainment GmbH,Grabbeallee 84 13156 Berlin,  13.39877, 52.57956
Pankow,Emilia Spiel-Center GmbH,Greifswalder Str. 47 10405 Berlin,  13.43300, 52.53567
Pankow, Rainer Emanuel Kant ,Greifswalder Str. 153 10409 Berlin,  13.44177, 52.54441
Pankow,D. Lucky7 Spielstätten GmbH,Greifswalder Str. 204 10405 Berlin,  13.42930, 52.53347
Pankow,D. Lucky7 Spielstätten GmbH,Greifswalder Str. 204 10405 Berlin,  13.42930, 52.53347
Pankow,Helene Spielhallen GmbH,Greifswalder Str. 214 10405 Berlin,  13.42719, 52.53195
Pankow,Helene Spielhallen GmbH,Greifswalder Str. 214 10405 Berlin,  13.42719, 52.53195
Pankow,Spielhallen Betriebs GmbH,Gustav-Adolf-Str. 152 13086 Berlin,  13.43556, 52.55414
Pankow,Helene Spielhallen GmbH,  Hermann-Hesse-Str. 4-10 13156 Berlin  ,  13.40271, 52.58095
Pankow,Helene Spielhallen GmbH,  Hermann-Hesse-Str. 4-10 13156 Berlin  ,  13.40271, 52.58095
Pankow,  Naumann Seyhan Morris  ,Landsberger Allee 117 B 10407 Berlin,  13.45634, 52.52898
Pankow,  Naumann Seyhan Morris  ,Landsberger Allee 117 B 10407 Berlin,  13.45634, 52.52898
Pankow,D. Lucky7 Spielstätten GmbH,Langhansstr. 123-126 13086 Berlin,  13.44353, 52.55075
Pankow, Jan Kupfer  ,  Mühlenstr. 67 13187 Berlin  ,  13.40795, 52.56417
Pankow,D. Lucky7 Spielstätten GmbH,Prenzlauer Allee 89 10409 Berlin,  13.42792, 52.54514
Pankow,D. Lucky7 Spielstätten GmbH,Prenzlauer Allee 89 10409 Berlin,  13.42792, 52.54514
Pankow,Exodus GmbH,Prenzlauer Allee 187 10405 Berlin,  13.42492, 52.54158
Pankow,Helene Spielhallen GmbH,Rennbahnstr. 86 13086 Berlin,  13.45243, 52.56270
Pankow,D. Lucky7 Spielstätten GmbH,Schönhauser Allee 68 10437 Berlin,  13.41374, 52.54661
Pankow,Helene Spielhallen GmbH,Schönhauser Allee 90 10439 Berlin,  13.41479, 52.55309
Pankow,Helene Spielhallen GmbH,Schönhauser Allee 90 10439 Berlin,  13.41479, 52.55309
Pankow,Schönhauser Allee 110 Entertainment UG,Schönhauser Allee 110 10439 Berlin,  13.41335, 52.55133
Pankow,D. Lucky7 Spielstätten GmbH,Schönhauser Allee 140 10437 Berlin,  13.41146, 52.54224
Pankow,D. Lucky7 Spielstätten GmbH,Storkower Str. 119 10407 Berlin,  13.45198, 52.53561
Pankow,D. Lucky7 Spielstätten GmbH,Storkower Str. 119 10407 Berlin,  13.45198, 52.53561
Pankow,Lölik Spielhallen GmbH,Prenzlauer Promenade 40-45 13086 Berlin,  13.42943, 52.55578
Pankow,Funke/Michalski/Zorn GbR,Treseburger Str. 30 13129 Berlin,  13.46630, 52.59708
Friedrichshain-Kreuzberg,Alef Automatenvertriebsgesellschaft mit beschränkter Haftung,Mehringdamm 36 10961 Berlin,  13.38749, 52.49349
Friedrichshain-Kreuzberg,Arena Dienstleistungen GmbH,Kochstraße 27 10969 Berlin,  13.38834, 52.50687
Friedrichshain-Kreuzberg,Arena Dienstleistungen GmbH,Kochstraße 27 10969 Berlin,  13.38834, 52.50687
Friedrichshain-Kreuzberg,Automatencasino Keka GmbH,Stresemannstraße 78 10963 Berlin,  13.38326, 52.50407
Friedrichshain-Kreuzberg,Automatencasino Keka GmbH,Stresemannstraße 78 10963 Berlin,  13.38326, 52.50407
Friedrichshain-Kreuzberg,B.I.A.S.K.O. Automatenbetriebs GmbH,Kottbusser Damm 12  A 10967 Berlin,  13.42146, 52.49343
Friedrichshain-Kreuzberg,Banko Handelsgesellschaft mbH,Reichenbergerstraße 75 10999 Berlin,  13.43460, 52.49403
Friedrichshain-Kreuzberg,CC City Casino Berlin GmbH,Kottbusser Damm 22 10967 Berlin,  13.42342, 52.49024
Friedrichshain-Kreuzberg,CC City Casino Berlin GmbH,Kottbusser Damm 32 10967 Berlin,  13.42407, 52.48898
Friedrichshain-Kreuzberg,Cem GmbH,Gneisenaustraße 98 10961 Berlin,  13.39233, 52.49242
Friedrichshain-Kreuzberg,Cetin  Halil,Urbanstraße 88 10967 Berlin,  13.42325, 52.48900
Friedrichshain-Kreuzberg,City Play GmbH,Wilhelmstraße 22 10963 Berlin,  13.38806, 52.50383
Friedrichshain-Kreuzberg,D. Lucky7 Spielstätten GmbH,Frankfurter Allee 41 10247 Berlin,  13.46260, 52.51519
Friedrichshain-Kreuzberg,DiEt Spielhalle GmbH,Graefestr. 27 10967 Berlin,  13.41609, 52.49137
Friedrichshain-Kreuzberg,Emilia Spiel-Center GmbH,Mehringdamm 52 10961 Berlin,  13.38666, 52.49173
Friedrichshain-Kreuzberg,EXTRA Games Entertainment GmbH,Friedrichstraße 41 10969 Berlin,  13.390865, 52.506474
Friedrichshain-Kreuzberg,Freytag  Fritz Mario,Kreuzbergstraße 34 10965 Berlin,  13.37633, 52.48961
Friedrichshain-Kreuzberg,Gammaplay Entertainment GmbH,Warschauer Straße 32 10243 Berlin,  13.45024, 52.50795
Friedrichshain-Kreuzberg,Gammaplay Entertainment GmbH,Warschauer Straße 32 10243 Berlin,  13.45024, 52.50795
Friedrichshain-Kreuzberg,Gräfin von Luxburg GmbH & Co. Kaiserdamm KG,Reichenberger Straße 174-178 10999 Berlin,  13.41727, 52.49966
Friedrichshain-Kreuzberg,Gräfin von Luxburg GmbH & Co. Kaiserdamm KG,Reichenberger Straße 174-178 10999 Berlin,  13.41727, 52.49966
Friedrichshain-Kreuzberg,Gräfin von Luxburg GmbH & Co. Kaiserdamm KG,Reichenberger Straße 174-178 10999 Berlin,  13.41727, 52.49966
Friedrichshain-Kreuzberg,Gräfin von Luxburg GmbH & Co. Kaiserdamm KG,Reichenberger Straße 174-178 10999 Berlin,  13.41727, 52.49966
Friedrichshain-Kreuzberg,Heegermühler Spielhallen GmbH,Mehringdamm 52 10961 Berlin,  13.38666, 52.49173
Friedrichshain-Kreuzberg,Helene Spielhallen GmbH,Boxhagener Straße 123 10245 Berlin,  13.45389, 52.51420
Friedrichshain-Kreuzberg,Helene Spielhallen GmbH,Friedrichstraße 215 10969 Berlin,  13.39047, 52.50567
Friedrichshain-Kreuzberg,Helene Spielhallen GmbH,Warschauer Straße 82 10243 Berlin,  13.45386, 52.51431
Friedrichshain-Kreuzberg,ILEC-AY Automaten GmbH,Urbanstraße 31 10967 Berlin,  13.41365, 52.49139
Friedrichshain-Kreuzberg,Jakov Bajda Spielhallenbetriebs- und Standortentwicklungs GmbH,Eisenbahnstraße 44 10997 Berlin,  13.43132, 52.50171
Friedrichshain-Kreuzberg,Jessnerstraße Spielhallen GmbH,Jessnerstraße 1 10247 Berlin,  13.47350, 52.51350
Friedrichshain-Kreuzberg,K.A. Automaten GmbH,Blücherstraße 61c 10961 Berlin,  13.39914, 52.49487
Friedrichshain-Kreuzberg,K.A. Automaten GmbH,Yorckstraße 74 10965 Berlin,  13.38176, 52.49279
Friedrichshain-Kreuzberg,K.A. Automaten GmbH,Reichenbergerstraße 35 10999 Berlin,  13.42320, 52.49736
Friedrichshain-Kreuzberg, Yasin Kuzucu ,Schönleinstr. 16 10967 Berlin,  13.41993, 52.49085
Friedrichshain-Kreuzberg,Lido Spielhallen GmbH,Katzbachstraße 28 10965 Berlin,  13.37627, 52.48557
Friedrichshain-Kreuzberg,LIYAN Automaten GmbH Unterhaltungsgeräte & Spielautomaten,Adalbertstraße 85 10997 Berlin,  13.41968, 52.50217
Friedrichshain-Kreuzberg,LIYAN Automaten GmbH Unterhaltungsgeräte & Spielautomaten,Dresdener Straße 8 10999 Berlin,  13.41793, 52.50033
Friedrichshain-Kreuzberg,LIYAN Automaten GmbH Unterhaltungsgeräte & Spielautomaten,Zossener Straße 38 10961 Berlin,  13.39479, 52.49196
Friedrichshain-Kreuzberg,Magnat GmbH,Oranienstraße 49 10969 Berlin,  13.41299, 52.50317
Friedrichshain-Kreuzberg,Maxima Automatenbetrieb GmbH,Erich-Steinfurth-Straße 7 10243 Berlin,  13.43554, 52.51114
Friedrichshain-Kreuzberg,Maxima Automatenbetrieb GmbH,Frankfurter Allee 42 10247 Berlin,  13.46288, 52.51467
Friedrichshain-Kreuzberg,Maxima Automatenbetrieb GmbH,Petersburger Straße 91 10247 Berlin,  13.45454, 52.51767
Friedrichshain-Kreuzberg,Nobel Automaten GmbH,Voigtstraße 41 10247 Berlin,  13.46733, 52.51529
Friedrichshain-Kreuzberg,Patrom GmbH,Kochstraße 15 10969 Berlin,  13.39009, 52.50684
Friedrichshain-Kreuzberg,Phönix Vermögens- und Unterhaltungs GmbH,Blücherstraße 16 10961 Berlin,  13.39732, 52.49514
Friedrichshain-Kreuzberg,Phönix Vermögens- und Unterhaltungs GmbH,Gneisenaustraße 89 10961 Berlin,  13.39532, 52.49174
Friedrichshain-Kreuzberg,Ritzio Berlin GmbH,Mariannenstraße 31 10999 Berlin,  13.42090, 52.49718
Friedrichshain-Kreuzberg,Ritzio Berlin GmbH,Mariannenstraße 32 10999 Berlin,  13.42120, 52.49730
Friedrichshain-Kreuzberg,Rohat GmbH,Dresdener Straße 15 10999 Berlin,  13.41737, 52.50107
Friedrichshain-Kreuzberg,S & L Internationaler Spielautomatenvertrieb GmbH,Friedrichstraße 218 10969 Berlin,  13.39042, 52.50534
Friedrichshain-Kreuzberg,Sokol Unterhaltungsbetrieb GmbH,Dudenstraße 24 10965,  13.38189, 52.48520
Friedrichshain-Kreuzberg,Spielvision GmbH,Reichenberger Straße 119 10999 Berlin,  13.43272, 52.49509
Friedrichshain-Kreuzberg,Spielvision GmbH,Reichenberger Straße 119 10999 Berlin,  13.43272, 52.49509
Friedrichshain-Kreuzberg,Tin-Star Spielhallen GmbH,Mehringplatz 13 10969 Berlin,  13.39087, 52.49965
Friedrichshain-Kreuzberg,Ucak  Necdat: 2634 93,Gitschiner Straße 71 10969 Berlin,  13.40709, 52.49865
Friedrichshain-Kreuzberg,Wonder World Spielhallen GmbH,Hasenheide 38 (Spielhalle I) 10967 Berlin,  13.41499, 52.48852
Friedrichshain-Kreuzberg,Wonder World Spielhallen GmbH,Hasenheide 38 (Spielhalle II) 10967 Berlin,  13.41499, 52.48852
Friedrichshain-Kreuzberg,Zilbermans Automaten GmbH,Hasenheide 8 10967 Berlin,  13.42245, 52.48717
Treptow-Köpenick,Andreas Kreisel & Co. GmbH,Lindenstr. 12 12555 Berlin,  13.56900, 52.45366
Treptow-Köpenick,Aktürk Erkan,Seelenbinderstr. 21 12555 Berlin,  13.57784, 52.45586
Treptow-Köpenick,Spielhalle Schmiljanstraße 4 GmbH,Seelenbinderstr. 25-27 12555 Berlin,  13.57856, 52.45575
Treptow-Köpenick,Bahnhofstraße 3 Spielhallen GmbH,Bahnhofstr. 3 12555 Berlin,  13.57583, 52.45387
Treptow-Köpenick,K.A. Automaten GmbH,Wendenschloßstr. 37 12559 Berlin,  13.58646, 52.44475
Treptow-Köpenick,LJO Spiel und Internet GmbH,Dörpfeldtr. 72 12489 Berlin,  13.55276, 52.43976
Treptow-Köpenick,Kling Automaten GmbH,Edisonstr. 63 12459 Berlin -Spielhalle 1-,  13.51344, 52.46190
Treptow-Köpenick,Kling Automaten GmbH,Edisonstr. 63 12459 Berlin -Spielhalle 2-,  13.51344, 52.46190
Treptow-Köpenick,Kling Automaten GmbH,Elsenstr. 115 12435 Berlin -Spielhalle 1-,  13.45877, 52.49201
Treptow-Köpenick,Kling Automaten GmbH,Elsenstr. 115 12435 Berlin -Spielhalle 2-,  13.45877, 52.49201
Treptow-Köpenick,Gammaplay Entertainment GmbH,Florian-Geyer-Str. 109a 12489 Berlin,  13.54616, 52.43816
Treptow-Köpenick,NauVa Spielhallen GmbH,Schnellerstr. 20 c-d 12439 Berlin -Spielhalle 1-,  13.50493, 52.45931
Treptow-Köpenick,NauVa Spielhallen GmbH,Schnellerstr. 20 c-d 12439 Berlin -Spielhalle 2-,  13.50493, 52.45931
Treptow-Köpenick,GeSi GmbH,Bölschestr. 15 12587 Berlin,  13.62477, 52.44876
Treptow-Köpenick,Helene Spielhallen GmbH,Wilhelminenhofstr. 79 12459 Berlin,  13.52070, 52.46067
Spandau,Albers Automaten Betriebsgesellschaft m.b.H.,Klosterstr. 32 13581 Berlin,  13.19741, 52.53146
Spandau,  Mamo Acar ,Falkenseer Chaussee 275 13583 Berlin,  13.18942, 52.54642
Spandau,  Mamo Acar  ,Falkenseer Chaussee 258 13583 Berlin,  13.18324, 52.54752
Spandau,Belludi Automatenaufstellungsgesellschaft mbH (Spielhalle 1),Obstallee 28-30 13593 Berlin,  13.16539, 52.52242
Spandau,Belludi Automatenaufstellungsgesellschaft mbH (Spielhalle 2),Obstallee 28-30 13593 Berlin,  13.16539, 52.52242
Spandau,Belludi Automatenaufstellungsgesellschaft mbH (Spielhalle3),Obstallee 28-30 13593 Berlin,  13.16539, 52.52242
Spandau,Casino Cosmos Automatenspiele Aufstellung und Betrieb GmbH (Spielhalle 1),Nonnendammallee 120 13629 Berlin,  13.24914, 52.54007
Spandau,Casino Cosmos Automatenspiele Aufstellung und Betrieb GmbH (Spielhalle 2),Nonnendammallee 120 13629 Berlin,  13.24914, 52.54007
Spandau,Casino Cosmos Automatenspiele Aufstellung und Betrieb GmbH (Spielhalle 3),Nonnendammallee 120 13629 Berlin,  13.24914, 52.54007
Spandau,Casino Cosmos Automatenspiele Aufstellung und Betrieb GmbH (Spielhalle 4),Nonnendammallee 120 13629 Berlin,  13.24914, 52.54007
Spandau,Casino Cosmos Automatenspiele Aufstellung und Betrieb GmbH (Spielhalle 5),Nonnendammallee 120 13629 Berlin,  13.24914, 52.54007
Spandau,CP Casino Pichelsdorf GmbH,Pichelsdorfer Str. 114 13595 Berlin,  13.19747, 52.52500
Spandau,Dream games GmbH,Nonnendammallee 84 13629 Berlin,  13.26867, 52.53638
Spandau,Extra Games Entertainment GmbH (Spielhalle 1),Brunsbütteler Damm 91-95 13581 Berlin,  13.18394, 52.53338
Spandau,Extra Games Entertainment GmbH (Spielhalle 2),Brunsbütteler Damm 91-95 13581 Berlin,  13.18394, 52.53338
Spandau,Extra Games Entertainment GmbH (Spielhalle 3),Brunsbütteler Damm 91-95 13581 Berlin,  13.18394, 52.53338
Spandau,Helene Spielhallen GmbH (Spielhalle 1),Siemensdamm 43-44 13629 Berlin,  13.27462, 52.53621
Spandau,Helene Spielhallen GmbH (Spielhalle 2),Siemensdamm 43-44 13629 Berlin,  13.27462, 52.53621
Spandau,Helene Spielhallen GmbH (Spielhalle 1),Streitstr. 5-19 13587 Berlin,  13.20781, 52.55580
Spandau,Helene Spielhallen GmbH (Spielhalle 2),Streitstr. 5-19 13587 Berlin,  13.20781, 52.55580
Spandau,Helene Spielhallen GmbH (Spielhalle 3),Streitstr. 5-19 13587 Berlin,  13.20781, 52.55580
Spandau,Helene Spielhallen GmbH (Spielhalle 4),Streitstr. 5-19 13587 Berlin,  13.20781, 52.55580
Spandau,K+S Automaten-Betriebe GmbH,Groenerstr. 26 13585 Berlin,  13.20405, 52.54357
Spandau,LSK Automaten GmbH,Jagowstr. 1 13585 Berlin,  13.20860, 52.54649
Spandau,Lynarstr. 38 Spielhallen GmbH,Lynarstr. 38 13585 Berlin,  13.20809, 52.54868
Spandau,M&B Automatenbetriebs GmbH,Pichelsdorfer Str. 94 13595 Berlin,  13.19794, 52.52327
Spandau,Pia Kummer Spielhallen-Betriebs GmbH,Nonnendammallee 86 13629 Berlin,  13.27030, 52.53639
Spandau,Pia Kummer Spielhallen GmbH,Popitzweg 16 13629 Berlin,  13.27480, 52.53710
Spandau,Pichelsdorfer Str. Spielcenter GmbH (Spielhalle 1),Pichelsdorfer Str. 47 13595 Berlin,  13.19750, 52.51776
Spandau,Pichelsdorfer Str. Spielcenter GmbH (Spielhalle 2),Pichelsdorfer Str. 47 13595 Berlin,  13.19750, 52.51776
Spandau,Pichelsdorfer Str. Spielcenter GmbH,Pichelsdorfer Str. 146 13595 Berlin,  13.19607, 52.52788
Spandau,Pichelsdorfer Str. Spielcenter GmbH,Pichelsdorfer Str. 139/141 13595 Berlin,  13.19565, 52.52730
Spandau,  Gabriele Riegel  ,Breite Str. 41/42 13595 Berlin,  13.20723, 52.53878
Spandau,Ritzio Berlin GmbH,Falkenseer Chaussee 194 a 13589 Berlin,  13.16233, 52.55147
Spandau,Ritzio Berlin GmbH,Groenerstr. 19 13585 Berlin,  13.20293, 52.54323
Spandau,Ritzio Berlin GmbH,Schönwalder Str. 110 13585 Berlin,  13.20410, 52.54456
Spandau,Sergei Kochanovski GmbH,Seegefelder Str. 61 13583 Berlin,  13.18832, 52.53716
Spandau,Sergei Kochanovski GmbH,Gartenfelder Str. 83/85 13599 Berlin,  13.24121, 52.54310
Spandau,SFW Organisations- und Unternehmensberatungs- GmbH (Spielhalle 1),Charlottenburger Chaussee 47 a 13597 Berlin,  13.23367, 52.52639
Spandau,SFW Organisations- und Unternehmensberatungs- GmbH (Spielhalle 2),Charlottenburger Chaussee 47 a 13597 Berlin,  13.23367, 52.52639
Spandau,SFW Organisations- und Unternehmensberatungs- GmbH (Spielhalle 3),Charlottenburger Chaussee 47 a 13597 Berlin,  13.23367, 52.52639
Spandau,SFW Organisations- und Unternehmensberatungs- GmbH (Spielhalle 4),Charlottenburger Chaussee 47 a 13597 Berlin,  13.23367, 52.52639
Spandau,Superia Games GmbH,Falkenseer Damm 21 13585 Berlin,  13.19654, 52.54356
Spandau,VIP-Casino Berlin GmbH,Pichelsdorfer Str. 102 13595 Berlin,  13.19787, 52.52407
Spandau,  Mehemt Ali  Yilmaz  ,Falkenseer Chaussee 221 13583 Berlin,  13.17189, 52.54963
Spandau,Galactic Dienstleistungs GmbH,Brunsbütteler Damm 266 13591 Berlin,  13.15694, 52.53335
Spandau, Eray  Acar  ,Streitstr. 54 13587 Berlin,  13.20823, 52.56233
Neukölln,Britzer Damm 66 Spielhallen GmbH,Britzer Damm 66 12347 Berlin,  13.43667, 52.45670
Neukölln,Spielhallengesellschaft Monopol GmbH,Bürgerstr. 78-80 12347 Berlin,  13.43590, 52.46160
Neukölln,Spielhallengesellschaft Monopol GmbH,  Bürgerstr. 78-80 12347 Berlin  ,  13.43590, 52.46160
Neukölln,Spielhallengesellschaft Monopol GmbH,  Bürgerstraße 78-80 12347 Berlin  ,  13.43590, 52.46160
Neukölln,Jakov Bajda Spielhallenbetriebs- und Standortenwicklungs GmbH,Delbrückstr. 30 12051 Berlin,  13.43395, 52.46502
Neukölln,Ruck Zuck Spielvertriebs und DienstleistungsGmbH,Fuldastraße 60 12043 Berlin,  13.43388, 52.48249
Neukölln,EKO Spielhallenbetriebe GmbH,Hasenheide 107 10967 Berlin,  13.42146, 52.48636
Neukölln,EKO Spielhallenbetriebe GmbH,Hasenheide 107 10967 Berlin,  13.42146, 52.48636
Neukölln,EKO Spielhallenbetriebe GmbH,Hasenheide 107 10967 Berlin,  13.42146, 52.48636
Neukölln,EKO Spielhallenbetriebe GmbH,Hasenheide 107 10967 Berlin,  13.42146, 52.48636
Neukölln,EKO Spielhallenbetriebe GmbH,Hasenheide 107 10967 Berlin,  13.42146, 52.48636
Neukölln,Angelika Demrican,Hasenheide 107 10967 Berlin,  13.42146, 52.48636
Neukölln,Angelika Demrican,  Hasenheide 107-113 10967 Berlin  ,  13.42146, 52.48636
Neukölln,Angelika Demrican,  Hasenheide 107-113 10967 Berlin  ,  13.42146, 52.48636
Neukölln,MSN Slot Casino GmbH,Hasenheide 62 10967 Berlin,  13.40835, 52.48862
Neukölln,MSN Slot Casino GmbH,Hasenheide 62 10967 Berlin,  13.40835, 52.48862
Neukölln,Angelika Demrican,Hasenheide 63 10967 Berlin,  13.40869, 52.48854
Neukölln,Hermannstraße 28 Spielhallenbetriebs GmbH,Hermannstr. 28 12049 Berlin,  13.42459, 52.48198
Neukölln,Funda Spielhallen GmbH,Hermannstr. 36 12049 Berlin,  13.42487, 52.48042
Neukölln,Park-Arkaden Spielhallen GmbH,Hermannstraße 151 12051 Berlin,  13.43281, 52.46556
Neukölln,Park-Arkaden Spielhallen GmbH,Hermannstraße 70 12051 Berlin,  13.42709, 52.47454
Neukölln,Spielhalle Schmiljanstraße 4 GmbH,Herrfurthstr. 31 12049 Berlin,  13.42497, 52.47716
Neukölln,Necdat Ucak,Herrfurthstraße 2-4 12049 Berlin,  13.42528, 52.47757
Neukölln,CC City Casino Berlin GmbH,Karl-Marx-Platz 4 12043 Berlin,  13.44141, 52.47349
Neukölln,CC City Casino Berlin GmbH,Karl-Marx-Str. 17 12043 Berlin,  13.42730, 52.48541
Neukölln,Kofman Spielhallenbetriebe GmbH,Karl-Marx-Str. 179 12043 Berlin,  13.44053, 52.47432
Neukölln,Rohat GmbH,Karl-Marx-Str. 210 12055 Berlin,  13.44094, 52.47143
Neukölln,Alpha-Automatenbetriebs GmbH,Karl-Marx-Str. 221 12055 Berlin,  13.44205, 52.47030
Neukölln,Kofman Spielhallen Betriebe GmbH,Karl-Marx-Str. 58 12043 Berlin,  13.43174, 52.48277
Neukölln,Berg und Partner SpielhallenbetriebsGmbH,Karl-Marx-Str. 62 12043 Berlin,  13.43196, 52.48270
Neukölln,California Spielothek Kottbusser Damm GmbH,Kottbusser Damm 69 10967 Berlin,  13.42494, 52.48937
Neukölln,S.E.S.E. Import-Export Handels GmbH,Lahnstr. 97-99 12055 Berlin,  13.44242, 52.46759
Neukölln,Max Bet Entertainment GmbH,Mariendorfer Damm 447 12107 Berlin,  13.40140, 52.41493
Neukölln,Max Bet Entertainment GmbH,Mariendorfer Damm 447 12107 Berlin,  13.40140, 52.41493
Neukölln,Max Bet Entertainment GmbH,Mariendorfer Damm 447 12107 Berlin,  13.40140, 52.41493
Neukölln,Max Bet Entertainment GmbH,Marienfelder Chaussee 170 12349 Berlin,  13.40143, 52.41495
Neukölln,Önder Yildirim,Pannierstraße 60 12047 Berlin,  13.43043, 52.48651
Neukölln,Grand Royal Casino GmbH,Prierosser Str. 38 12357 Berlin,  13.49533, 52.42070
Neukölln,Imperium Automaten GmbH,Reuterstr. 21 12043 Berlin,  13.42927, 52.48499
Neukölln,Ismet Cetin,Rollbergstr. 3 12053 Berlin,  13.43626, 52.47938
Neukölln,Funda Spielhallen GmbH,Saalestr. 41 12055 Berlin,  13.45545, 52.47365
Neukölln,Ilhan Saritas,Silbersteinstraße 101 12051 Berlin,  13.42740, 52.46579
Neukölln,Park-Arkaden Spielhallen GmbH,Sonnenallee 100 12045 Berlin,  13.43890, 52.48204
Neukölln,CC City Casino Berlin GmbH,Sonnenallee 132 12059 Berlin,  13.44331, 52.47975
Neukölln,Spielhalle Schmiljanstraße 4 GmbH,Sonnenallee 134 12059 Berlin,  13.44396, 52.47947
Neukölln,S.E.S.E. Import-Export Handels GmbH,Sonnenallee 163 12059 Berlin,  13.44769, 52.47828
Neukölln,Spielhalle Schmiljanstraße 4 GmbH,Sonnenallee 201 12059 Berlin,  13.45365, 52.47531
Neukölln,Sirius Münzspielbetriebs GmbH,Sonnenallee 21 12047 Berlin,  13.42828, 52.48707
Neukölln,Lilija Spielhallen GmbH,Sonnenallee 42 12045 Berlin,  13.43135, 52.48537
Neukölln,Lilija Spielhallen GmbH,Sonnenallee 48 12045 Berlin,  13.43207, 52.48518
Neukölln,Lew Selener,Johannisthaler Chausse 295 12351 Berlin,  13.45752, 52.43157
Charlottenburg-Wilmersdorf,Aktürk Erkan,10713 Berlin Blissestraße 69,  13.32072, 52.47844
Charlottenburg-Wilmersdorf,Aktürk  Erkan,10715 Berlin Berliner Straße 9 (rechts),  13.33237, 52.48782
Charlottenburg-Wilmersdorf,Aktürk  Erkan,10715 Berlin Berliner Straße 9 (links),  13.28371, 52.58906
Charlottenburg-Wilmersdorf,Aktürk  Erkan,10713 Berlin Blissestraße 27,  13.32062, 52.48263
Charlottenburg-Wilmersdorf,Arena Dienstleistungen GmbH,10715 Berlin Wexstraße 32,  13.32956, 52.47853
Charlottenburg-Wilmersdorf,Arena Dienstleistungen GmbH,14052 Berlin Reichsstr. 103,  13.26918, 52.51103
Charlottenburg-Wilmersdorf,Augsburger 13 GmbH,10789 Berlin Augsburger Straße 11,  13.33736, 52.50035
Charlottenburg-Wilmersdorf,Basaran  Meryem,10713 Berlin Blissestraße 44,  13.32009, 52.48111
Charlottenburg-Wilmersdorf,Billard International MM GmbH,10719 Berlin Knesebeckstr. 38 /49,  13.32118, 52.50091
Charlottenburg-Wilmersdorf,Billard International MM GmbH,10719 Berlin Knesebeckstr. 38 /49,  13.32118, 52.50091
Charlottenburg-Wilmersdorf,Cakir  Osman,10627 Berlin Bismarckstr. 58,  13.30100, 52.51157
Charlottenburg-Wilmersdorf,HD Reality Gastronomie- und Unterhaltungsbetriebs GmbH,10585 Berlin Wilmersdorfer Str. 13,  13.30425, 52.51619
Charlottenburg-Wilmersdorf,Helene Spielhallen GmbH,10625 Berlin Bismarckstr. 102a,  13.31334, 52.51162
Charlottenburg-Wilmersdorf,Helene Spielhallen GmbH,10625 Berlin Bismarckstr. 102a,  13.31334, 52.51162
Charlottenburg-Wilmersdorf,Helene Spielhallen GmbH,10585 Berlin Wilmersdorfer Str. 142,  13.30545, 52.51248
Charlottenburg-Wilmersdorf,Helene Spielhallen GmbH,10585 Berlin Wilmersdorfer Str. 142,  13.30545, 52.51248
Charlottenburg-Wilmersdorf,Helene Spielhallen GmbH,  Bismarckstr. 72 10627 Berlin  ,  13.29998, 52.51085
Charlottenburg-Wilmersdorf,Helene Spielhallen GmbH,10627 Berlin Bismarckstr. 72,  13.29998, 52.51085
Charlottenburg-Wilmersdorf,Helene Spielhallen GmbH,14057 Berlin Kaiserdamm 39,  13.27492, 52.50986
Charlottenburg-Wilmersdorf,Helene Spielhallen GmbH,14059 Berlin Sophie-Charlotten-Str. 35,  13.28737, 52.51468
Charlottenburg-Wilmersdorf,Hohenzollerndamm 193 Spielhalle GmbH,10717 Berlin Uhlandstraße 106,  13.32291, 52.48786
Charlottenburg-Wilmersdorf,Hohenzollerndamm 193 Spielhalle GmbH,10717 Berlin Uhlandstraße 106a,  13.32294, 52.48805
Charlottenburg-Wilmersdorf,Kaplankiran  Filiz,10625 Berlin Kantstr. 40,  13.31332, 52.50663
Charlottenburg-Wilmersdorf,Kirkan  Sebiha,10715 Berlin Bundesplatz 14,  13.32938, 52.47890
Charlottenburg-Wilmersdorf,L S 4 Spielhallen GmbH,10789 Berlin Nürnberger Str. 22,  13.33730, 52.50165
Charlottenburg-Wilmersdorf,L S 4 Spielhallen GmbH,10789 Berlin Nürnberger Str. 22,  13.33730, 52.50165
Charlottenburg-Wilmersdorf,LS6 Spielhallen GmbH,10585 Berlin Otto-Suhr-Allee 7,  13.31917, 52.51333
Charlottenburg-Wilmersdorf,LS6 Spielhallen GmbH,10585 Berlin Otto-Suhr-Allee 7,  13.31917, 52.51333
Charlottenburg-Wilmersdorf,Max Bet Entertainment GmbH,10623 Berlin Uhlandstr. 185,  13.32586, 52.50434
Charlottenburg-Wilmersdorf,Max Bet Entertainment GmbH,10623 Berlin Uhlandstr. 185,  13.32586, 52.50434
Charlottenburg-Wilmersdorf,Max Bet Entertainment GmbH,10623 Berlin Uhlandstr. 185,  13.32586, 52.50434
Charlottenburg-Wilmersdorf,Mirage Entertainment GmbH,10719 Berlin Uhlandstr. 27,  13.32484, 52.50172
Charlottenburg-Wilmersdorf,Mirage Entertainment GmbH,10719 Berlin Uhlandstr. 27,  13.32484, 52.50172
Charlottenburg-Wilmersdorf,Poljak Spielhallen GmbH,14057 Berlin Kaiserdamm 39,  13.27492, 52.50986
Charlottenburg-Wilmersdorf,Poljak Spielhallen GmbH,14059 Berlin Sophie-Charlotten-Str. 35,  13.28737, 52.51468
Charlottenburg-,Schlafstein Automaten GmbH,10627 Berlin Kaiser-Friedrich-Str. 59,  13.30266, 52.50721
Charlottenburg-Wilmersdorf,Schlafstein Automaten GmbH,10707 Berlin Brandenburgische Straße 44,  13.30782, 52.49650
Charlottenburg-Wilmersdorf,Shari Spielhallen GmbH,10589 Berlin Kaiserin-Augusta-Allee 44,  13.30859, 52.52605
Charlottenburg-Wilmersdorf,Sirius Münzspielbetriebs GmbH,10625 Berlin Kantstr. 122,  13.31046, 52.50608
Charlottenburg-Wilmersdorf,Spiel Point 100 Automatenbetriebs GmbH,10627 Berlin Stuttgarter Platz 10,  13.30375, 52.50570
Charlottenburg-Wilmersdorf,Spiel Point 100 Automatenbetriebs GmbH,10627 Berlin Kantstr. 57 -58,  13.30582, 52.50697
Charlottenburg-Wilmersdorf,Spielhallen Betriebs GmbH Bismarckstraße 94,10625 Berlin Bismarckstr. 94,  13.31056, 52.51163
Charlottenburg-Wilmersdorf,Spielhallen Betriebs GmbH Bismarckstraße 94,10625 Berlin Bismarckstr. 94,  13.31056, 52.51163
Charlottenburg-Wilmersdorf,Witoba Spielhallen GmbH,10625 Berlin Leibnizstr. 35 a,  13.31441, 52.50675
Charlottenburg-Wilmersdorf,WODESSA Spielhallen GmbH,14057 Berlin Kaiserdamm 110,  13.29265, 52.51028
Charlottenburg-Wilmersdorf,Valerie Betriebs GmbH,10625 Berlin Bismarckstraße 8,  13.31763, 52.51262
Charlottenburg-Wilmersdorf,Ritzio Berlin GmbH,10709  Berlin Cicerostraße 22,  13.30093, 52.49220
Charlottenburg-Wilmersdorf,Miran Entertainment GmbH,10587 Berlin Helmhotzstraße 17,  13.32728, 52.52181
Charlottenburg-Wilmersdorf,Hohenzollerndamm 193 Spielhalle GmbH,10717 Berlin Hohenzollerndamm 193,  13.32216, 52.49283
Charlottenburg-Wilmersdorf,Jofri Entertainment GmbH,10711 Berlin Joachim-Friedrich-Straße 38,  13.29623, 52.49954
Charlottenburg-Wilmersdorf,Lucky Game GmbH,10627 Berlin Kaiser-Friedrich-Straße 49,  13.30178, 52.50715
Charlottenburg-Wilmersdorf,Ritzio Berlin GmbH,14059 Berlin Königin-Elisabeth-Str. 12,  13.28199, 52.51169
Charlottenburg-Wilmersdorf,Casino Multi Elektronik Verwertungs GmbH,10709 Berlin Kurfürstendamm 156,  13.30324, 52.49874
Charlottenburg-Wilmersdorf,Casino Multi Elektronik Verwertungs GmbH,10709 Berlin Kurfürstendamm 156,  13.30324, 52.49874
Charlottenburg-Wilmersdorf,Casino Multi Elektronik Verwertungs GmbH,10709 Berlin Kurfürstendamm 156,  13.30324, 52.49874
Charlottenburg-Wilmersdorf,Casino Multi Elektronik Verwertungs GmbH,10709 Berlin Kurfürstendamm 156,  13.30324, 52.49874
Charlottenburg-Wilmersdorf,Casino Multi Elektronik Verwertungs GmbH,10709 Berlin Kurfürstendamm 156,  13.30324, 52.49874
Charlottenburg-Wilmersdorf,Casino Multi Elektronik Verwertungs GmbH,10709 Berlin Kurfürstendamm 156,  13.30324, 52.49874
Charlottenburg-Wilmersdorf,CCB Entertainment GmbH,10789 Berlin Nürnberger Straße 18,  13.33783, 52.50224
Charlottenburg-Wilmersdorf,CCB Entertainment GmbH,10789 Berlin Nürnberger Straße 18,  13.33783, 52.50224
Charlottenburg-Wilmersdorf,Automaten-Casino 777 GmbH,10719 Berlin Uhlandstraße 38,  13.32467, 52.49974
Charlottenburg-Wilmersdorf,Ritzio Berlin GmbH,10629 Berlin Wilmersdorfer Straße 76,  13.30748, 52.50284
Charlottenburg-Wilmersdorf,Ritzio Berlin GmbH,10629 Berlin Wilmersdorfer Straße 76,  13.30748, 52.50284
Charlottenburg-Wilmersdorf,Helene Spielhallen GmbH,10585 Berlin Wilmersdorfer Straße 165,  13.30473, 52.51761
Steglitz-Zehlendorf, Seycan Aslan  ,Machnower Str. 3 14165 Berlin,  13.25854, 52.43046
Steglitz-Zehlendorf,Lankwitzer Str. Spielhallen GmbH,Kranoldplatz 3 12209 Berlin,  13.32772, 52.42871
Steglitz-Zehlendorf,Schloßstraße 95 Spielhallen GmbH,Schloßstr. 95 12163 Berlin,  13.32280, 52.45839
Steglitz-Zehlendorf,Schloßstraße 95 Spielhallen GmbH,Schloßstr. 95 12163 Berlin,  13.32280, 52.45839
Steglitz-Zehlendorf,Glücksmühle GmbH,Steglitzer Damm 40 12169 Berlin,  13.34217, 52.45038
Steglitz-Zehlendorf,Leko Spielhallen GmbH,Albrechtstr. 27 12167 Berlin,  13.33005, 52.45341
Steglitz-Zehlendorf,California Spielothek Albrechtstr. GmbH,Albrechtstr. 7 12165 Berlin,  13.32394, 52.45592
Steglitz-Zehlendorf,L S 5 Spielhallen GmbH,Potsdamer Str. 1 14163 Berlin,  13.25918, 52.43564
Steglitz-Zehlendorf,Tin Star Spielhallen GmbH,Steglitzer Damm 14 12161 Berlin,  13.33854, 52.45079
